{
  "incendium:technical/sentrys_wrath": {
    "criteria": {
      "log_spam_fixer": "2024-06-20 23:54:43 +0000"
    },
    "done": false
  },
  "portable_tables:recipes/tools/portable_damaged_anvil": {
    "criteria": {
      "always": "2024-06-20 23:51:19 +0000"
    },
    "done": true
  },
  "create_dd:bronze_drill": {
    "criteria": {
      "0": "2024-06-20 23:53:36 +0000"
    },
    "done": true
  },
  "toms_storage:unlock_glowstone": {
    "criteria": {
      "inv_changed-glowstone": "2024-06-20 23:51:19 +0000"
    },
    "done": true
  },
  "storagedrawers:recipes/storagedrawers/one_stack_upgrade": {
    "criteria": {
      "has_template": "2024-06-20 23:51:19 +0000"
    },
    "done": true
  },
  "create_dd:mithrill_axe": {
    "criteria": {
      "0": "2024-06-20 23:53:18 +0000"
    },
    "done": true
  },
  "portable_tables:recipes/tools/portable_loom": {
    "criteria": {
      "always": "2024-06-20 23:51:19 +0000"
    },
    "done": true
  },
  "create:root": {
    "criteria": {
      "0": "2024-06-20 23:51:19 +0000"
    },
    "done": true
  },
  "storagedrawers:recipes/storagedrawers/diamond_storage_upgrade": {
    "criteria": {
      "has_template": "2024-06-20 23:51:19 +0000"
    },
    "done": true
  },
  "incendium:technical/on_player_hurt": {
    "criteria": {
      "log_spam_fixer": "2024-06-20 23:54:43 +0000"
    },
    "done": false
  },
  "portable_tables:recipes/tools/portable_chipped_anvil": {
    "criteria": {
      "always": "2024-06-20 23:51:19 +0000"
    },
    "done": true
  },
  "minecraft:recipes/decorations/crafting_table": {
    "criteria": {
      "unlock_right_away": "2024-06-20 23:51:20 +0000"
    },
    "done": true
  },
  "storagedrawers:recipes/storagedrawers/illumination_upgrade": {
    "criteria": {
      "has_template": "2024-06-20 23:51:19 +0000"
    },
    "done": true
  },
  "toms_storage:unlock_netherite": {
    "criteria": {
      "inv_changed-netherite": "2024-06-20 23:51:19 +0000"
    },
    "done": true
  },
  "toms_storage:unlock_chest": {
    "criteria": {
      "inv_changed-chest": "2024-06-20 23:51:19 +0000"
    },
    "done": true
  },
  "create_dd:root": {
    "criteria": {
      "0": "2024-06-20 23:51:19 +0000"
    },
    "done": true
  },
  "irons_spellbooks:grant_patchouli": {
    "criteria": {
      "tick": "2024-06-20 23:51:20 +0000"
    },
    "done": true
  },
  "storagedrawers:recipes/storagedrawers/acacia_trim": {
    "criteria": {
      "has_planks": "2024-06-20 23:51:19 +0000"
    },
    "done": true
  },
  "storagedrawers:recipes/storagedrawers/crimson_trim": {
    "criteria": {
      "has_planks": "2024-06-20 23:51:19 +0000"
    },
    "done": true
  },
  "incendium:technical/new_player": {
    "criteria": {
      "requirement": "2024-06-20 23:51:20 +0000"
    },
    "done": true
  },
  "portable_tables:recipes/tools/portable_grindstone": {
    "criteria": {
      "always": "2024-06-20 23:51:19 +0000"
    },
    "done": true
  },
  "incendium:technical/on_kill": {
    "criteria": {
      "log_spam_fixer": "2024-06-20 23:54:43 +0000"
    },
    "done": false
  },
  "iceandfire:iceandfire/root": {
    "criteria": {
      "tick": "2024-06-20 23:51:20 +0000"
    },
    "done": true
  },
  "portable_tables:recipes/tools/portable_blast_furnace": {
    "criteria": {
      "always": "2024-06-20 23:51:19 +0000"
    },
    "done": true
  },
  "storagedrawers:recipes/storagedrawers/concealment_key": {
    "criteria": {
      "has_template": "2024-06-20 23:51:19 +0000"
    },
    "done": true
  },
  "incendium:technical/on_inventory_change": {
    "criteria": {
      "log_spam_fixer": "2024-06-20 23:54:43 +0000"
    },
    "done": false
  },
  "storagedrawers:recipes/storagedrawers/drawer_key": {
    "criteria": {
      "has_template": "2024-06-20 23:51:19 +0000"
    },
    "done": true
  },
  "storagedrawers:recipes/storagedrawers/min_redstone_upgrade": {
    "criteria": {
      "has_template": "2024-06-20 23:51:19 +0000"
    },
    "done": true
  },
  "portable_tables:recipes/tools/portable_bell": {
    "criteria": {
      "always": "2024-06-20 23:51:19 +0000"
    },
    "done": true
  },
  "incendium:technical/holy_wrath": {
    "criteria": {
      "log_spam_fixer": "2024-06-20 23:54:43 +0000"
    },
    "done": false
  },
  "incendium:technical/on_block": {
    "criteria": {
      "log_spam_fixer": "2024-06-20 23:54:43 +0000"
    },
    "done": false
  },
  "parcool:grant_parcool_guide": {
    "criteria": {
      "tick": "2024-06-20 23:51:20 +0000"
    },
    "done": true
  },
  "incendium:technical/using/shield": {
    "criteria": {
      "log_spam_fixer": "2024-06-20 23:51:20 +0000"
    },
    "done": false
  },
  "portable_tables:recipes/tools/portable_furnace": {
    "criteria": {
      "always": "2024-06-20 23:51:19 +0000"
    },
    "done": true
  },
  "storagedrawers:recipes/storagedrawers/gold_storage_upgrade": {
    "criteria": {
      "has_template": "2024-06-20 23:51:19 +0000"
    },
    "done": true
  },
  "incendium:technical/inventory/sentrys_wrath": {
    "criteria": {
      "log_spam_fixer": "2024-06-20 23:54:43 +0000"
    },
    "done": false
  },
  "create_connected:root": {
    "criteria": {
      "0": "2024-06-20 23:51:19 +0000"
    },
    "done": true
  },
  "incendium:technical/feed_ghastling": {
    "criteria": {
      "log_spam_fixer": "2024-06-20 23:54:43 +0000"
    },
    "done": false
  },
  "storagedrawers:recipes/storagedrawers/birch_trim": {
    "criteria": {
      "has_planks": "2024-06-20 23:51:19 +0000"
    },
    "done": true
  },
  "storagedrawers:recipes/storagedrawers/void_upgrade": {
    "criteria": {
      "has_template": "2024-06-20 23:51:19 +0000"
    },
    "done": true
  },
  "storagedrawers:recipes/storagedrawers/warped_trim": {
    "criteria": {
      "has_planks": "2024-06-20 23:51:19 +0000"
    },
    "done": true
  },
  "storagedrawers:recipes/storagedrawers/jungle_trim": {
    "criteria": {
      "has_planks": "2024-06-20 23:51:19 +0000"
    },
    "done": true
  },
  "storagedrawers:recipes/storagedrawers/fill_level_upgrade": {
    "criteria": {
      "has_template": "2024-06-20 23:51:19 +0000"
    },
    "done": true
  },
  "storagedrawers:recipes/storagedrawers/max_redstone_upgrade": {
    "criteria": {
      "has_template": "2024-06-20 23:51:19 +0000"
    },
    "done": true
  },
  "incendium:technical/firestorm": {
    "criteria": {
      "log_spam_fixer": "2024-06-20 23:54:43 +0000"
    },
    "done": false
  },
  "portable_tables:recipes/tools/portable_anvil": {
    "criteria": {
      "always": "2024-06-20 23:51:19 +0000"
    },
    "done": true
  },
  "portable_tables:recipes/tools/portable_crafting_table_short": {
    "criteria": {
      "always": "2024-06-20 23:51:19 +0000"
    },
    "done": true
  },
  "incendium:technical/inventory/firestorm": {
    "criteria": {
      "log_spam_fixer": "2024-06-20 23:54:43 +0000"
    },
    "done": false
  },
  "rats:root": {
    "criteria": {
      "tick": "2024-06-20 23:51:20 +0000"
    },
    "done": true
  },
  "cataclysm:root": {
    "criteria": {
      "custom_test_name": "2024-06-20 23:51:20 +0000"
    },
    "done": true
  },
  "incendium:technical/give_ghastling": {
    "criteria": {
      "log_spam_fixer": "2024-06-20 23:54:43 +0000"
    },
    "done": false
  },
  "portable_tables:recipes/tools/portable_smithing": {
    "criteria": {
      "always": "2024-06-20 23:51:19 +0000"
    },
    "done": true
  },
  "incendium:technical/scroll_of_returning": {
    "criteria": {
      "log_spam_fixer": "2024-06-20 23:51:20 +0000"
    },
    "done": false
  },
  "storagedrawers:recipes/storagedrawers/redstone_upgrade": {
    "criteria": {
      "has_template": "2024-06-20 23:51:19 +0000"
    },
    "done": true
  },
  "portable_tables:recipes/tools/portable_smoker": {
    "criteria": {
      "always": "2024-06-20 23:51:19 +0000"
    },
    "done": true
  },
  "storagedrawers:recipes/storagedrawers/spruce_trim": {
    "criteria": {
      "has_planks": "2024-06-20 23:51:19 +0000"
    },
    "done": true
  },
  "incendium:technical/multiplex_crossbow": {
    "criteria": {
      "log_spam_fixer": "2024-06-20 23:54:43 +0000"
    },
    "done": false
  },
  "incendium:technical/using/ragnarok": {
    "criteria": {
      "log_spam_fixer": "2024-06-20 23:51:20 +0000"
    },
    "done": false
  },
  "portable_tables:recipes/tools/portable_cartography_table": {
    "criteria": {
      "always": "2024-06-20 23:51:19 +0000"
    },
    "done": true
  },
  "farmersdelight:main/root": {
    "criteria": {
      "seeds": "2024-06-20 23:51:19 +0000"
    },
    "done": true
  },
  "storagedrawers:recipes/storagedrawers/quantify_key": {
    "criteria": {
      "has_template": "2024-06-20 23:51:19 +0000"
    },
    "done": true
  },
  "portable_tables:recipes/tools/portable_stonecutter": {
    "criteria": {
      "always": "2024-06-20 23:51:19 +0000"
    },
    "done": true
  },
  "storagedrawers:recipes/storagedrawers/dark_oak_trim": {
    "criteria": {
      "has_planks": "2024-06-20 23:51:19 +0000"
    },
    "done": true
  },
  "storagedrawers:recipes/storagedrawers/oak_trim": {
    "criteria": {
      "has_planks": "2024-06-20 23:51:19 +0000"
    },
    "done": true
  },
  "corail_recycler:tutorial/root": {
    "criteria": {
      "auto": "2024-06-20 23:51:20 +0000"
    },
    "done": true
  },
  "toms_storage:unlock_dia_pearl": {
    "criteria": {
      "inv_changed-ender_pearl": "2024-06-20 23:51:19 +0000",
      "inv_changed-diamond": "2024-06-20 23:51:19 +0000"
    },
    "done": true
  },
  "storagedrawers:recipes/storagedrawers/emerald_storage_upgrade": {
    "criteria": {
      "has_template": "2024-06-20 23:51:19 +0000"
    },
    "done": true
  },
  "storagedrawers:recipes/storagedrawers/obsidian_storage_upgrade": {
    "criteria": {
      "has_template": "2024-06-20 23:51:19 +0000"
    },
    "done": true
  },
  "incendium:technical/using/trailblazer": {
    "criteria": {
      "log_spam_fixer": "2024-06-20 23:51:20 +0000"
    },
    "done": false
  },
  "storagedrawers:recipes/storagedrawers/iron_storage_upgrade": {
    "criteria": {
      "has_template": "2024-06-20 23:51:19 +0000"
    },
    "done": true
  },
  "portable_tables:recipes/tools/portable_crafting_table": {
    "criteria": {
      "always": "2024-06-20 23:51:19 +0000"
    },
    "done": true
  },
  "minecraft:adventure/adventuring_time": {
    "criteria": {
      "minecraft:forest": "2024-06-20 23:51:20 +0000",
      "minecraft:meadow": "2024-06-20 23:52:40 +0000"
    },
    "done": false
  },
  "destroy:root": {
    "criteria": {
      "automatic": "2024-06-20 23:51:19 +0000"
    },
    "done": true
  },
  "create_dd:bronze_saw": {
    "criteria": {
      "0": "2024-06-20 23:53:37 +0000"
    },
    "done": true
  },
  "DataVersion": 3465
}